x1,y1,x2,y2,intensity
-1,-1,-1.03211,-1.03833,2.92738e-08
-1.03211,-1.03833,-1.06724,-1.0739,0
-1.06724,-1.0739,-1.09608,-1.11475,5.04929e-08
-1.09608,-1.11475,-1.12864,-1.15269,0
-1.12864,-1.15269,-1.16804,-1.18348,3.13074e-08
-1.16804,-1.18348,-1.21041,-1.21003,0
-1.21041,-1.21003,-1.25571,-1.2312,3.34689e-09
-1.25571,-1.2312,-1.29797,-1.25791,1.67344e-09
-1,-1,-0.967235,-0.962231,2.81604e-09
-0.967235,-0.962231,-0.935234,-0.923814,1.54382e-08
-0.935234,-0.923814,-0.904999,-0.883991,0
-0.904999,-0.883991,-0.876542,-0.842879,9.18623e-09
-0.876542,-0.842879,-0.841577,-0.807137,0
-0.841577,-0.807137,-0.814053,-0.765395,6.27654e-11
-1,-1,-0.958482,-0.972138,1.15898e-08
-0.958482,-0.972138,-0.91216,-0.953316,0
-0.91216,-0.953316,-0.865868,-0.934421,1.68641e-08
-0.865868,-0.934421,-0.81629,-0.927937,0
-0.81629,-0.927937,-0.766659,-0.921876,7.79153e-09
-0.766659,-0.921876,-0.718497,-0.908442,4.8517e-10
-1,-1,-1.03488,-0.964179,1.79061e-09
-1.03488,-0.964179,-1.06565,-0.924765,3.16813e-09
-1.06565,-0.924765,-1.08521,-0.878749,1.09665e-09
-1.08521,-0.878749,-1.09538,-0.829794,2.46993e-09
-1,-1,-1.03858,-0.968194,1.49668e-08
-1.03858,-0.968194,-1.07049,-0.929821,1.49376e-08
-1,-1,-1.04945,-1.00742,1.63093e-09
-1.04945,-1.00742,-1.09895,-1.01445,8.92663e-09
-1.09895,-1.01445,-1.1489,-1.01675,0
-1.1489,-1.01675,-1.19864,-1.01171,6.61412e-10
-1.19864,-1.01171,-1.24862,-1.01333,3.30706e-10
-1,-1,-1.03251,-1.03799,3.89508e-09
-1.03251,-1.03799,-1.06263,-1.0779,2.50486e-09
-1.06263,-1.0779,-1.09921,-1.11198,4.32766e-09
-1.09921,-1.11198,-1.14037,-1.14038,2.93483e-09
-1,-1,-0.952882,-1.01673,4.23171e-09
-0.952882,-1.01673,-0.906856,-1.03627,4.95569e-09
-0.906856,-1.03627,-0.857724,-1.04554,4.23159e-09
-1,-1,-1.04745,-0.984226,4.0212e-09
-1.04745,-0.984226,-1.09551,-0.970444,4.90323e-09
-1.09551,-0.970444,-1.14457,-0.960789,4.02108e-09
-1,-1,-0.954062,-0.98026,3.86963e-09
-0.954062,-0.98026,-0.906417,-0.965096,4.86546e-09
-0.906417,-0.965096,-0.861305,-0.943533,3.86951e-09
-1,-0.5,-0.970438,-0.459675,3.76051e-09
-0.970438,-0.459675,-0.944043,-0.41721,4.83827e-09
-0.944043,-0.41721,-0.920641,-0.373024,3.76038e-09
-1,-0.5,-0.959558,-0.470599,7.67618e-09
-0.959558,-0.470599,-0.924017,-0.435437,7.67512e-09
-1,-0.5,-0.9585,-0.472111,3.62536e-09
-0.9585,-0.472111,-0.921159,-0.43886,4.8046e-09
-0.921159,-0.43886,-0.877213,-0.415011,3.62524e-09
-1,-0.5,-1.04717,-0.483417,1.89152e-09
-1.04717,-0.483417,-1.09433,-0.46681,3.66656e-09
-1.09433,-0.46681,-1.13753,-0.44164,1.03018e-09
-1.13753,-0.44164,-1.18538,-0.427125,2.80108e-09
-1,-0.5,-0.964098,-0.4652,3.54221e-09
-0.964098,-0.4652,-0.930878,-0.427831,4.78388e-09
-0.930878,-0.427831,-0.904741,-0.385206,3.54208e-09
-1,-0.5,-1.02235,-0.455274,1.78801e-09
-1.02235,-0.455274,-1.03265,-0.406347,3.72658e-09
-1.03265,-0.406347,-1.05492,-0.361579,8.5982e-10
-1.05492,-0.361579,-1.0731,-0.315003,2.79416e-09
-1,-0.5,-0.983261,-0.547115,3.50659e-09
-0.983261,-0.547115,-0.974808,-0.596395,4.775e-09
-0.974808,-0.596395,-0.970107,-0.646174,3.50646e-09
-1,-0.5,-0.955294,-0.52239,3.49911e-09
-0.955294,-0.52239,-0.906416,-0.532925,4.77314e-09
-0.906416,-0.532925,-0.85642,-0.533572,3.49899e-09
-1,-0.5,-1.0432,-0.474832,3.49373e-09
-1.0432,-0.474832,-1.09101,-0.460172,4.7718e-09
-1.09101,-0.460172,-1.13342,-0.433693,3.49361e-09
-1,-0.5,-0.950367,-0.493951,1.72766e-09
-0.950367,-0.493951,-0.900485,-0.497383,3.76157e-09
-0.900485,-0.497383,-0.851388,-0.487921,7.60495e-10
-0.851388,-0.487921,-0.801449,-0.490376,2.79014e-09
-1,0,-1.04839,0.0126048,3.48582e-09
-1.04839,0.0126048,-1.09441,0.0321335,4.76982e-09
-1.09441,0.0321335,-1.13858,0.0555741,3.48569e-09
-1,0,-1.04988,0.00349616,2.79171e-09
-1.04988,0.00349616,-1.09775,0.0179161,8.27276e-09
-1.09775,0.0179161,-1.14549,0.0327892,2.79142e-09
-1,0,-1.03908,-0.031184,3.46648e-09
-1.03908,-0.031184,-1.07231,-0.0685447,4.80552e-09
-1.07231,-0.0685447,-1.10748,-0.103109,3.41391e-09
-1,0,-1.03729,0.0333133,3.48172e-09
-1.03729,0.0333133,-1.06682,0.073657,4.7688e-09
-1.06682,0.073657,-1.09888,0.112029,3.48159e-09
-1,0,-1.04319,0.0251868,1.71271e-09
-1.04319,0.0251868,-1.07952,0.059539,3.77024e-09
-1.07952,0.059539,-1.12136,0.0869183,7.35886e-10
-1.12136,0.0869183,-1.16351,0.113814,2.78914e-09
-1,0,-0.958057,0.0272172,3.48067e-09
-0.958057,0.0272172,-0.922469,0.0623388,4.76854e-09
-0.922469,0.0623388,-0.886091,0.0966403,3.48055e-09
-1,0,-0.978564,-0.045172,2.22581e-09
-0.978564,-0.045172,-0.950845,-0.086785,1.00149e-08
-0.950845,-0.086785,-0.924563,-0.12932,0
-0.924563,-0.12932,-0.909811,-0.177094,5.71595e-09
-0.909811,-0.177094,-0.892194,-0.223888,3.05229e-10
-1,0,-1.04688,0.0173984,1.71102e-09
-1.04688,0.0173984,-1.09027,0.042234,3.77123e-09
-1.09027,0.042234,-1.13331,0.0676755,7.33095e-10
-1.13331,0.0676755,-1.17733,0.0914031,2.78902e-09
-1,0,-1.04136,-0.0280886,3.48009e-09
-1.04136,-0.0280886,-1.07472,-0.0653384,4.7684e-09
-1.07472,-0.0653384,-1.10748,-0.103109,3.47996e-09
-1,0,-1.04429,-0.0232031,3.48003e-09
-1.04429,-0.0232031,-1.08512,-0.0520588,4.76838e-09
-1.08512,-0.0520588,-1.11754,-0.0901293,3.47991e-09
-1,0.5,-1.04942,0.507598,2.22587e-09
-1.04942,0.507598,-1.0994,0.508993,1.00153e-08
-1.0994,0.508993,-1.14845,0.518715,0
-1.14845,0.518715,-1.19633,0.533118,5.7163e-09
-1.19633,0.533118,-1.24303,0.550984,3.05234e-10
-1,0.5,-1.04993,0.502579,2.22587e-09
-1.04993,0.502579,-1.09843,0.514764,1.00154e-08
-1.09843,0.514764,-1.14754,0.524143,0
-1.14754,0.524143,-1.19549,0.538296,5.71633e-09
-1.19549,0.538296,-1.24454,0.548007,3.05235e-10
-1,0.5,-1.01841,0.546486,1.7105e-09
-1.01841,0.546486,-1.04175,0.590708,3.77153e-09
-1.04175,0.590708,-1.07286,0.62985,7.32244e-10
-1.07286,0.62985,-1.10432,0.668709,2.78899e-09
-1,0.5,-1.04949,0.492864,2.22588e-09
-1.04949,0.492864,-1.09669,0.476365,1.00154e-08
-1.09669,0.476365,-1.14457,0.461957,0
-1.14457,0.461957,-1.19378,0.453131,5.71636e-09
-1.19378,0.453131,-1.24375,0.45498,3.05235e-10
-1,0.5,-0.995671,0.450188,1.71046e-09
-0.995671,0.450188,-0.987296,0.400894,3.77155e-09
-0.987296,0.400894,-0.982839,0.351093,7.32176e-10
-0.982839,0.351093,-0.984874,0.301135,2.78899e-09
-1,0.5,-1.01955,0.453982,2.22588e-09
-1.01955,0.453982,-1.04027,0.408475,1.00154e-08
-1.04027,0.408475,-1.05775,0.361632,0
-1.05775,0.361632,-1.06539,0.312219,5.71637e-09
-1.06539,0.312219,-1.06665,0.262234,3.05236e-10
-1,0.5,-1.02921,0.459417,1.71044e-09
-1.02921,0.459417,-1.06016,0.420149,3.77156e-09
-1.06016,0.420149,-1.09236,0.381895,7.32153e-10
-1.09236,0.381895,-1.12357,0.342837,2.78899e-09
-1,0.5,-0.988441,0.451354,3.47989e-09
-0.988441,0.451354,-0.968942,0.405313,4.76835e-09
-0.968942,0.405313,-0.942161,0.363091,3.47977e-09
-1,0.5,-0.986398,0.451886,3.47989e-09
-0.986398,0.451886,-0.971981,0.404009,4.76835e-09
-0.971981,0.404009,-0.96323,0.354781,3.47977e-09
-1,0.5,-0.953913,0.480609,2.22588e-09
-0.953913,0.480609,-0.911214,0.454594,1.00154e-08
-0.911214,0.454594,-0.867668,0.430023,0
-0.867668,0.430023,-0.820526,0.413362,5.71637e-09
-0.820526,0.413362,-0.774147,0.39468,3.05236e-10
-1,1,-1.01529,1.0476,3.47989e-09
-1.01529,1.0476,-1.03687,1.09271,4.76835e-09
-1.03687,1.09271,-1.06557,1.13365,3.47977e-09
-1,1,-1.04155,0.972187,3.47989e-09
-1.04155,0.972187,-1.08714,0.951655,4.76835e-09
-1.08714,0.951655,-1.13636,0.942843,3.47977e-09
-1,1,-0.967812,1.03826,3.47989e-09
-0.967812,1.03826,-0.932653,1.07381,4.76835e-09
-0.932653,1.07381,-0.892095,1.10305,3.47977e-09
-1,1,-1.04175,0.972491,2.22588e-09
-1.04175,0.972491,-1.08663,0.950443,1.00154e-08
-1.08663,0.950443,-1.12592,0.91952,0
-1.12592,0.91952,-1.17114,0.898192,5.71637e-09
-1.17114,0.898192,-1.21668,0.877547,3.05236e-10
-1,1,-1.03794,0.967429,2.22588e-09
-1.03794,0.967429,-1.07855,0.938267,1.00154e-08
-1.07855,0.938267,-1.11118,0.900384,0
-1.11118,0.900384,-1.14848,0.867084,5.71637e-09
-1.14848,0.867084,-1.19038,0.839804,3.05236e-10
-1,1,-1.03352,1.0371,3.47989e-09
-1.03352,1.0371,-1.06946,1.07186,4.76835e-09
-1.06946,1.07186,-1.1064,1.10555,3.47977e-09
-1,1,-1.03817,0.967705,2.78523e-09
-1.03817,0.967705,-1.08305,0.945652,8.27183e-09
-1.08305,0.945652,-1.12296,0.915542,2.7848e-09
-1,1,-0.954448,0.979384,2.22588e-09
-0.954448,0.979384,-0.914867,0.948833,1.00154e-08
-0.914867,0.948833,-0.878931,0.914069,0
-0.878931,0.914069,-0.852631,0.871545,5.71637e-09
-0.852631,0.871545,-0.820065,0.833604,3.05236e-10
-1,1,-0.993772,1.04961,7.50017e-09
-0.993772,1.04961,-0.98149,1.09808,7.49981e-09
-1,1,-0.96439,1.0351,3.47989e-09
-0.96439,1.0351,-0.929932,1.07133,4.76835e-09
-0.929932,1.07133,-0.888578,1.09943,3.47976e-09
-0.5,-1,-0.495215,-0.950229,3.47989e-09
-0.495215,-0.950229,-0.49798,-0.900306,4.76835e-09
-0.49798,-0.900306,-0.512454,-0.852447,3.47976e-09
-0.5,-1,-0.461488,-1.03189,1.71044e-09
-0.461488,-1.03189,-0.431362,-1.07179,3.77156e-09
-0.431362,-1.07179,-0.408867,-1.11645,7.3214e-10
-0.408867,-1.11645,-0.386418,-1.16112,2.78899e-09
-0.5,-1,-0.462105,-0.967382,3.47989e-09
-0.462105,-0.967382,-0.431198,-0.928078,4.76835e-09
-0.431198,-0.928078,-0.408384,-0.883586,3.47976e-09
-0.5,-1,-0.465142,-0.964154,2.22588e-09
-0.465142,-0.964154,-0.438813,-0.921648,1.00154e-08
-0.438813,-0.921648,-0.411289,-0.879905,0
-0.411289,-0.879905,-0.392443,-0.833593,5.71637e-09
-0.392443,-0.833593,-0.374443,-0.786946,3.05236e-10
-0.5,-1,-0.539552,-1.03059,2.22588e-09
-0.539552,-1.03059,-0.583234,-1.05492,1.00154e-08
-0.583234,-1.05492,-0.62398,-1.0839,0
-0.62398,-1.0839,-0.662283,-1.11603,5.71637e-09
-0.662283,-1.11603,-0.692537,-1.15584,3.05236e-10
-0.5,-1,-0.494064,-1.04965,3.47989e-09
-0.494064,-1.04965,-0.492721,-1.09963,4.76835e-09
-0.492721,-1.09963,-0.494714,-1.14959,3.47976e-09
-0.5,-1,-0.450014,-1.00117,3.47989e-09
-0.450014,-1.00117,-0.400136,-1.00467,4.76835e-09
-0.400136,-1.00467,-0.350138,-1.00425,3.47976e-09
-0.5,-1,-0.534548,-0.963856,1.71044e-09
-0.534548,-0.963856,-0.563412,-0.923028,3.77156e-09
-0.563412,-0.923028,-0.587541,-0.879236,7.3214e-10
-0.587541,-0.879236,-0.611095,-0.835131,2.78899e-09
-0.5,-1,-0.495317,-1.04978,2.78542e-09
-0.495317,-1.04978,-0.490219,-1.09952,8.27141e-09
-0.490219,-1.09952,-0.481064,-1.14867,2.78511e-09
-0.5,-1,-0.46283,-1.03344,2.22588e-09
-0.46283,-1.03344,-0.426622,-1.06792,1.00154e-08
-0.426622,-1.06792,-0.391365,-1.10338,0
-0.391365,-1.10338,-0.356677,-1.13939,5.71637e-09
-0.356677,-1.13939,-0.328232,-1.18051,3.05236e-10
-0.5,-0.5,-0.52255,-0.455374,3.47989e-09
-0.52255,-0.455374,-0.543027,-0.409759,4.76835e-09
-0.543027,-0.409759,-0.573758,-0.370318,3.47976e-09
-0.5,-0.5,-0.543272,-0.474949,3.47989e-09
-0.543272,-0.474949,-0.579852,-0.440862,4.76835e-09
-0.579852,-0.440862,-0.609747,-0.400784,3.47976e-09
-0.5,-0.5,-0.470176,-0.540132,1.71044e-09
-0.470176,-0.540132,-0.434678,-0.575344,3.77156e-09
-0.434678,-0.575344,-0.403943,-0.614782,7.3214e-10
-0.403943,-0.614782,-0.364844,-0.645947,2.78899e-09
-0.5,-0.5,-0.512712,-0.451643,3.47989e-09
-0.512712,-0.451643,-0.520754,-0.402294,4.76835e-09
-0.520754,-0.402294,-0.516606,-0.352466,3.47976e-09
-0.5,-0.5,-0.545063,-0.478336,2.22588e-09
-0.545063,-0.478336,-0.586106,-0.44978,1.00154e-08
-0.586106,-0.44978,-0.633042,-0.432545,0
-0.633042,-0.432545,-0.681786,-0.421409,5.71637e-09
-0.681786,-0.421409,-0.731022,-0.412701,3.05236e-10
-0.5,-0.5,-0.464433,-0.535143,3.47989e-09
-0.464433,-0.535143,-0.430791,-0.572132,4.76835e-09
-0.430791,-0.572132,-0.393796,-0.605767,3.47976e-09
-0.5,-0.5,-0.458954,-0.528553,3.47989e-09
-0.458954,-0.528553,-0.417535,-0.55656,4.76835e-09
-0.417535,-0.55656,-0.382497,-0.59223,3.47976e-09
-0.5,-0.5,-0.450698,-0.491673,2.22588e-09
-0.450698,-0.491673,-0.400864,-0.487605,1.00154e-08
-0.400864,-0.487605,-0.351118,-0.482568,0
-0.351118,-0.482568,-0.301185,-0.479981,5.71637e-09
-0.301185,-0.479981,-0.252127,-0.470322,3.05236e-10
-0.5,-0.5,-0.454765,-0.478698,1.71044e-09
-0.454765,-0.478698,-0.406878,-0.464314,3.77156e-09
-0.406878,-0.464314,-0.357584,-0.455944,7.3214e-10
-0.357584,-0.455944,-0.309837,-0.441102,2.78899e-09
-0.5,-0.5,-0.534212,-0.536463,3.47989e-09
-0.534212,-0.536463,-0.573007,-0.568005,4.76835e-09
-0.573007,-0.568005,-0.613685,-0.59708,3.47976e-09
-0.5,0,-0.524851,0.0433869,3.48097e-09
-0.524851,0.0433869,-0.558318,0.0805351,4.76587e-09
-0.558318,0.0805351,-0.598195,0.110777,3.48448e-09
-0.5,0,-0.514144,-0.0479576,7.50017e-09
-0.514144,-0.0479576,-0.523201,-0.0971305,7.49983e-09
-0.5,0,-0.502317,-0.0499463,2.22588e-09
-0.502317,-0.0499463,-0.51476,-0.0983733,1.00154e-08
-0.51476,-0.0983733,-0.517532,-0.148296,0
-0.517532,-0.148296,-0.514357,-0.198195,5.71637e-09
-0.514357,-0.198195,-0.511796,-0.24813,3.05236e-10
-0.5,0,-0.528851,-0.0408363,1.71044e-09
-0.528851,-0.0408363,-0.555625,-0.0830639,3.77156e-09
-0.555625,-0.0830639,-0.573905,-0.129602,7.3214e-10
-0.573905,-0.129602,-0.581445,-0.179031,2.78899e-09
-0.5,0,-0.540536,0.0292721,3.47989e-09
-0.540536,0.0292721,-0.580362,0.0595023,4.76835e-09
-0.580362,0.0595023,-0.619445,0.0906879,3.47976e-09
-0.5,0,-0.549723,-0.00525252,2.22588e-09
-0.549723,-0.00525252,-0.599657,-0.0026859,1.00154e-08
-0.599657,-0.0026859,-0.649457,0.00178829,0
-0.649457,0.00178829,-0.69865,0.010737,5.71637e-09
-0.69865,0.010737,-0.747181,0.0227669,3.05236e-10
-0.5,0,-0.508814,-0.0492169,3.47989e-09
-0.508814,-0.0492169,-0.527398,-0.0956352,4.76835e-09
-0.527398,-0.0956352,-0.545325,-0.142311,3.47976e-09
-0.5,0,-0.549488,-0.00714029,3.47989e-09
-0.549488,-0.00714029,-0.598832,-0.0152126,4.76835e-09
-0.598832,-0.0152126,-0.648501,-0.0209557,3.47976e-09
-0.5,0,-0.487045,-0.0482926,2.22588e-09
-0.487045,-0.0482926,-0.480927,-0.0979169,1.00154e-08
-0.480927,-0.0979169,-0.482829,-0.147881,0
-0.482829,-0.147881,-0.483429,-0.197877,5.71637e-09
-0.483429,-0.197877,-0.473432,-0.246868,3.05236e-10
-0.5,0,-0.529308,0.0405097,1.71044e-09
-0.529308,0.0405097,-0.561613,0.078672,3.77156e-09
-0.561613,0.078672,-0.599193,0.111653,7.3214e-10
-0.599193,0.111653,-0.640077,0.140437,2.78899e-09
-0.5,0.5,-0.456371,0.524424,1.71044e-09
-0.456371,0.524424,-0.412322,0.548082,3.77156e-09
-0.412322,0.548082,-0.374401,0.58067,7.3214e-10
-0.374401,0.58067,-0.332053,0.607252,2.78899e-09
-0.5,0.5,-0.545563,0.520591,7.50017e-09
-0.545563,0.520591,-0.584614,0.551808,7.49895e-09
-0.5,0.5,-0.489924,0.548974,1.71044e-09
-0.489924,0.548974,-0.48263,0.598439,3.77156e-09
-0.48263,0.598439,-0.485726,0.648343,7.3214e-10
-0.485726,0.648343,-0.48919,0.698223,2.78899e-09
-0.5,0.5,-0.450084,0.497098,1.71044e-09
-0.450084,0.497098,-0.40009,0.496347,3.77156e-09
-0.40009,0.496347,-0.350814,0.48787,7.3214e-10
-0.350814,0.48787,-0.304996,0.467852,2.78899e-09
-0.5,0.5,-0.536447,0.534229,1.71044e-09
-0.536447,0.534229,-0.56482,0.575399,3.77156e-09
-0.56482,0.575399,-0.595433,0.614932,7.3214e-10
-0.595433,0.614932,-0.634616,0.645991,2.78899e-09
-0.5,0.5,-0.512618,0.548382,3.47989e-09
-0.512618,0.548382,-0.516166,0.598256,4.76835e-09
-0.516166,0.598256,-0.524804,0.647504,3.47976e-09
-0.5,0.5,-0.518507,0.546449,3.47989e-09
-0.518507,0.546449,-0.533844,0.594039,4.76835e-09
-0.533844,0.594039,-0.538218,0.643847,3.47976e-09
-0.5,0.5,-0.547602,0.5153,7.50017e-09
-0.547602,0.5153,-0.59518,0.530649,7.49874e-09
-0.5,0.5,-0.453811,0.519147,2.22588e-09
-0.453811,0.519147,-0.413831,0.549173,1.00154e-08
-0.413831,0.549173,-0.377841,0.583882,0
-0.377841,0.583882,-0.341214,0.617918,5.71637e-09
-0.341214,0.617918,-0.307321,0.654678,3.05236e-10
-0.5,0.5,-0.529768,0.540173,3.47989e-09
-0.529768,0.540173,-0.561119,0.579123,4.76835e-09
-0.561119,0.579123,-0.599654,0.610983,3.47976e-09
-0.5,1,-0.545157,1.02147,3.47824e-09
-0.545157,1.02147,-0.584008,1.05294,4.7721e-09
-0.584008,1.05294,-0.623964,1.08288,3.47263e-09
-0.5,1,-0.450001,1.00023,3.47989e-09
-0.450001,1.00023,-0.401003,0.990266,4.76835e-09
-0.401003,0.990266,-0.352273,0.979066,3.47976e-09
-0.5,1,-0.506764,1.04954,1.71044e-09
-0.506764,1.04954,-0.512053,1.09926,3.77156e-09
-0.512053,1.09926,-0.522915,1.14807,7.3214e-10
-0.522915,1.14807,-0.525675,1.19799,2.78899e-09
-0.5,1,-0.459688,0.97042,2.22588e-09
-0.459688,0.97042,-0.421999,0.937564,1.00154e-08
-0.421999,0.937564,-0.378881,0.91225,0
-0.378881,0.91225,-0.340191,0.880578,5.71637e-09
-0.340191,0.880578,-0.295954,0.857274,3.05236e-10
-0.5,1,-0.54196,1.02719,7.66255e-09
-0.54196,1.02719,-0.579643,1.06005,6.01583e-09
-0.579643,1.06005,-0.623964,1.08288,7.64113e-09
-0.5,1,-0.5228,0.955501,3.47989e-09
-0.5228,0.955501,-0.535001,0.907012,4.76835e-09
-0.535001,0.907012,-0.544981,0.858019,3.47976e-09
-0.5,1,-0.506562,1.04957,1.71044e-09
-0.506562,1.04957,-0.525498,1.09584,3.77156e-09
-0.525498,1.09584,-0.552499,1.13793,7.3214e-10
-0.552499,1.13793,-0.571706,1.18409,2.78899e-09
-0.5,1,-0.533665,0.963032,2.22588e-09
-0.533665,0.963032,-0.558457,0.919611,1.00154e-08
-0.558457,0.919611,-0.589362,0.880306,0
-0.589362,0.880306,-0.625007,0.845243,5.71637e-09
-0.625007,0.845243,-0.657223,0.807005,3.05236e-10
-0.5,1,-0.47818,1.04499,2.22588e-09
-0.47818,1.04499,-0.446426,1.08361,1.00154e-08
-0.446426,1.08361,-0.4245,1.12855,0
-0.4245,1.12855,-0.404086,1.17419,5.71637e-09
-0.404086,1.17419,-0.382776,1.21942,3.05236e-10
-0.5,1,-0.547144,1.01666,1.71044e-09
-0.547144,1.01666,-0.594736,1.03199,3.77156e-09
-0.594736,1.03199,-0.641154,1.05057,7.3214e-10
-0.641154,1.05057,-0.685161,1.07431,2.78899e-09
0,-1,0.0261029,-0.957355,3.47989e-09
0.0261029,-0.957355,0.0477694,-0.912293,4.76835e-09
0.0477694,-0.912293,0.0771418,-0.87183,3.47976e-09
0,-1,-0.0480279,-0.986096,3.47989e-09
-0.0480279,-0.986096,-0.0911562,-0.960799,4.76835e-09
-0.0911562,-0.960799,-0.139336,-0.947431,3.47976e-09
0,-1,-0.0434974,-0.975343,3.47989e-09
-0.0434974,-0.975343,-0.0825803,-0.944157,4.76835e-09
-0.0825803,-0.944157,-0.11805,-0.908917,3.47976e-09
0,-1,-0.0222749,-0.955236,1.71044e-09
-0.0222749,-0.955236,-0.0516082,-0.914744,3.77156e-09
-0.0516082,-0.914744,-0.0792859,-0.873104,7.3214e-10
-0.0792859,-0.873104,-0.109927,-0.833592,2.78899e-09
0,-1,0.0171357,-0.953028,3.47989e-09
0.0171357,-0.953028,0.0319286,-0.905266,4.76835e-09
0.0319286,-0.905266,0.0379688,-0.855633,3.47976e-09
0,-1,0.036278,-1.03441,1.71044e-09
0.036278,-1.03441,0.0788536,-1.06062,3.77156e-09
0.0788536,-1.06062,0.119659,-1.08952,7.3214e-10
0.119659,-1.08952,0.164228,-1.11218,2.78899e-09
0,-1,0.0132253,-0.951781,3.47989e-09
0.0132253,-0.951781,0.0294092,-0.904472,4.76835e-09
0.0294092,-0.904472,0.0442583,-0.856728,3.47976e-09
0,-1,0.0231959,-0.955706,1.71044e-09
0.0231959,-0.955706,0.0563186,-0.918251,3.77156e-09
0.0563186,-0.918251,0.0834273,-0.876238,7.3214e-10
0.0834273,-0.876238,0.117582,-0.839721,2.78899e-09
0,-1,0.0358515,-0.965148,3.47871e-09
0.0358515,-0.965148,0.061689,-0.922341,4.77105e-09
0.061689,-0.922341,0.0828675,-0.877105,3.47463e-09
0,-1,0.0477292,-1.0149,1.71044e-09
0.0477292,-1.0149,0.0970547,-1.02308,3.77156e-09
0.0970547,-1.02308,0.147015,-1.02506,7.3214e-10
0.147015,-1.02506,0.19681,-1.02053,2.78899e-09
0,-0.5,-0.0391479,-0.468896,1.71044e-09
-0.0391479,-0.468896,-0.0793369,-0.43915,3.77156e-09
-0.0793369,-0.43915,-0.113395,-0.402544,7.3214e-10
-0.113395,-0.402544,-0.151343,-0.369986,2.78899e-09
0,-0.5,0.0344166,-0.46373,1.71044e-09
0.0344166,-0.46373,0.0684631,-0.427113,3.77156e-09
0.0684631,-0.427113,0.0947763,-0.384597,7.3214e-10
0.0947763,-0.384597,0.118262,-0.340456,2.78899e-09
0,-0.5,0.0160615,-0.45265,1.71044e-09
0.0160615,-0.45265,0.0252723,-0.403506,3.77156e-09
0.0252723,-0.403506,0.0451885,-0.357643,7.3214e-10
0.0451885,-0.357643,0.0635558,-0.311139,2.78899e-09
0,-0.5,-0.0254671,-0.456972,1.71044e-09
-0.0254671,-0.456972,-0.057238,-0.418363,3.77156e-09
-0.057238,-0.418363,-0.0966195,-0.387556,7.3214e-10
-0.0966195,-0.387556,-0.142047,-0.366666,2.78899e-09
0,-0.5,-0.0291534,-0.540621,2.22588e-09
-0.0291534,-0.540621,-0.0643899,-0.576095,1.00154e-08
-0.0643899,-0.576095,-0.107369,-0.601644,0
-0.107369,-0.601644,-0.150933,-0.626184,5.71637e-09
-0.150933,-0.626184,-0.191755,-0.655056,3.05236e-10
0,-0.5,0.0447216,-0.52236,7.50017e-09
0.0447216,-0.52236,0.0932341,-0.534459,7.49959e-09
0,-0.5,-0.0421283,-0.52693,3.47989e-09
-0.0421283,-0.52693,-0.0881238,-0.546536,4.76835e-09
-0.0881238,-0.546536,-0.137385,-0.555101,3.47976e-09
0,-0.5,-0.0441654,-0.47656,2.22588e-09
-0.0441654,-0.47656,-0.0927214,-0.464631,1.00154e-08
-0.0927214,-0.464631,-0.137395,-0.442175,0
-0.137395,-0.442175,-0.178345,-0.413486,5.71637e-09
-0.178345,-0.413486,-0.215362,-0.379874,3.05236e-10
0,-0.5,0.0458523,-0.519939,1.71044e-09
0.0458523,-0.519939,0.0927052,-0.537398,3.77156e-09
0.0927052,-0.537398,0.135779,-0.562787,7.3214e-10
0.135779,-0.562787,0.183507,-0.577689,2.78899e-09
0,-0.5,-0.0445467,-0.477293,3.47989e-09
-0.0445467,-0.477293,-0.0934283,-0.466777,4.76835e-09
-0.0934283,-0.466777,-0.141705,-0.453762,3.47976e-09
0,0,-0.031138,-0.0391206,3.47989e-09
-0.031138,-0.0391206,-0.0623859,-0.0781535,4.76835e-09
-0.0623859,-0.0781535,-0.0928695,-0.117786,3.47976e-09
0,0,0.00849123,-0.0492737,2.22588e-09
0.00849123,-0.0492737,0.00960973,-0.0992612,1.00154e-08
0.00960973,-0.0992612,0.00834944,-0.149245,0
0.00834944,-0.149245,0.00308727,-0.198968,5.71637e-09
0.00308727,-0.198968,0.0092335,-0.248588,3.05236e-10
0,0,0.0420096,-0.0271144,2.22588e-09
0.0420096,-0.0271144,0.0836877,-0.0547358,1.00154e-08
0.0836877,-0.0547358,0.123625,-0.0848193,0
0.123625,-0.0848193,0.161336,-0.11765,5.71637e-09
0.161336,-0.11765,0.19877,-0.150797,3.05236e-10
0,0,0.0333835,-0.0372228,2.22588e-09
0.0333835,-0.0372228,0.060088,-0.0794942,1.00154e-08
0.060088,-0.0794942,0.0872642,-0.121464,0
0.0872642,-0.121464,0.10274,-0.169009,5.71637e-09
0.10274,-0.169009,0.12973,-0.211098,3.05236e-10
0,0,-0.0422835,0.0266853,2.22588e-09
-0.0422835,0.0266853,-0.0856398,0.0515898,1.00154e-08
-0.0856398,0.0515898,-0.125611,0.0816278,0
-0.125611,0.0816278,-0.159065,0.118788,5.71637e-09
-0.159065,0.118788,-0.200721,0.146442,3.05236e-10
0,0,-0.0346559,-0.0360412,3.47989e-09
-0.0346559,-0.0360412,-0.0748384,-0.0657964,4.76835e-09
-0.0748384,-0.0657964,-0.12095,-0.0851286,3.47976e-09
0,0,-0.00809717,-0.04934,3.47989e-09
-0.00809717,-0.04934,-0.0193744,-0.0980516,4.76835e-09
-0.0193744,-0.0980516,-0.0303059,-0.146842,3.47976e-09
0,0,0.0208786,0.0454322,1.71044e-09
0.0208786,0.0454322,0.0345196,0.0935354,3.77156e-09
0.0345196,0.0935354,0.0538418,0.139651,7.3214e-10
0.0538418,0.139651,0.0689087,0.187327,2.78899e-09
0,0,-0.0319561,0.0384553,2.22588e-09
-0.0319561,0.0384553,-0.0715116,0.069039,1.00154e-08
-0.0715116,0.069039,-0.111026,0.0996763,0
-0.111026,0.0996763,-0.149494,0.131616,5.71637e-09
-0.149494,0.131616,-0.184395,0.16742,3.05236e-10
0,0,0.0281918,0.0412944,1.71044e-09
0.0281918,0.0412944,0.0603387,0.0795902,3.77156e-09
0.0603387,0.0795902,0.0980887,0.112377,7.3214e-10
0.0980887,0.112377,0.131066,0.149959,2.78899e-09
0,0.5,0.0497428,0.505065,2.22588e-09
0.0497428,0.505065,0.0997249,0.506404,1.00154e-08
0.0997249,0.506404,0.149602,0.509909,0
0.149602,0.509909,0.199396,0.505372,5.71637e-09
0.199396,0.505372,0.248253,0.494746,3.05236e-10
0,0.5,0.00481413,0.549768,3.47989e-09
0.00481413,0.549768,0.0193267,0.597615,4.76835e-09
0.0193267,0.597615,0.0224879,0.647515,3.47976e-09
0,0.5,-0.0312654,0.539019,3.47989e-09
-0.0312654,0.539019,-0.0646524,0.576239,4.76835e-09
-0.0646524,0.576239,-0.103792,0.607353,3.47976e-09
0,0.5,0.023026,0.544382,1.71044e-09
0.023026,0.544382,0.0467861,0.588376,3.77156e-09
0.0467861,0.588376,0.0768248,0.628347,7.3214e-10
0.0768248,0.628347,0.103658,0.670537,2.78899e-09
0,0.5,0.0122179,0.451516,3.47989e-09
0.0122179,0.451516,0.0270914,0.403779,4.76835e-09
0.0270914,0.403779,0.0496846,0.359175,3.47976e-09
0,0.5,0.0447504,0.522302,1.71044e-09
0.0447504,0.522302,0.0926528,0.536633,3.77156e-09
0.0926528,0.536633,0.135638,0.562173,7.3214e-10
0.135638,0.562173,0.175235,0.592702,2.78899e-09
0,0.5,-0.0427331,0.474041,1.71044e-09
-0.0427331,0.474041,-0.0855289,0.448185,3.77156e-09
-0.0855289,0.448185,-0.12244,0.414457,7.3214e-10
-0.12244,0.414457,-0.149582,0.372466,2.78899e-09
0,0.5,-0.0490863,0.490485,2.22588e-09
-0.0490863,0.490485,-0.0966986,0.475219,1.00154e-08
-0.0966986,0.475219,-0.145926,0.466461,0
-0.145926,0.466461,-0.195872,0.468783,5.71637e-09
-0.195872,0.468783,-0.243738,0.483235,3.05236e-10
0,0.5,-0.0037082,0.450138,3.47989e-09
-0.0037082,0.450138,-0.00774668,0.400301,4.76835e-09
-0.00774668,0.400301,-0.0170263,0.35117,3.47976e-09
0,0.5,-0.0491098,0.490607,2.22588e-09
-0.0491098,0.490607,-0.0990021,0.487327,1.00154e-08
-0.0990021,0.487327,-0.147593,0.47554,0
-0.147593,0.47554,-0.195801,0.462273,5.71637e-09
-0.195801,0.462273,-0.243482,0.447224,3.05236e-10
0,1,0.0435247,0.975391,2.22588e-09
0.0435247,0.975391,0.0875755,0.951737,1.00154e-08
0.0875755,0.951737,0.126212,0.92,0
0.126212,0.92,0.16741,0.891667,5.71637e-09
0.16741,0.891667,0.202371,0.855922,3.05236e-10
0,1,0.00930954,0.950874,3.47989e-09
0.00930954,0.950874,0.0208169,0.902217,4.76835e-09
0.0208169,0.902217,0.022852,0.852258,3.47976e-09
0,1,-0.0485616,0.988093,2.22588e-09
-0.0485616,0.988093,-0.0985538,0.988975,1.00154e-08
-0.0985538,0.988975,-0.147051,1.00114,0
-0.147051,1.00114,-0.194599,1.01661,5.71637e-09
-0.194599,1.01661,-0.244272,1.02232,3.05236e-10
0,1,0.0291961,1.04059,3.47989e-09
0.0291961,1.04059,0.0614506,1.0788,4.76835e-09
0.0614506,1.0788,0.0831838,1.12383,3.47976e-09
0,1,0.0393607,1.03083,3.47989e-09
0.0393607,1.03083,0.0757924,1.06508,4.76835e-09
0.0757924,1.06508,0.118858,1.09048,3.47976e-09
0,1,0.0236869,0.955967,2.22588e-09
0.0236869,0.955967,0.0455549,0.911002,1.00154e-08
0.0455549,0.911002,0.0690446,0.866864,0
0.0690446,0.866864,0.098424,0.826406,5.71637e-09
0.098424,0.826406,0.127975,0.786072,3.05236e-10
0,1,-0.014639,0.952191,2.22588e-09
-0.014639,0.952191,-0.0349348,0.906495,1.00154e-08
-0.0349348,0.906495,-0.054682,0.86056,0
-0.054682,0.86056,-0.0802228,0.817576,5.71637e-09
-0.0802228,0.817576,-0.115254,0.781899,3.05236e-10
0,1,-0.0487809,1.01097,2.78531e-09
-0.0487809,1.01097,-0.0970409,1.02405,8.27165e-09
-0.0970409,1.02405,-0.146784,1.02909,2.78494e-09
0,1,0.0479649,0.98588,1.71044e-09
0.0479649,0.98588,0.0977319,0.981059,3.77156e-09
0.0977319,0.981059,0.147149,0.973446,7.3214e-10
0.147149,0.973446,0.197147,0.97386,2.78899e-09
0,1,-0.0479938,1.01402,1.71044e-09
-0.0479938,1.01402,-0.0977585,1.01887,3.77156e-09
-0.0977585,1.01887,-0.147543,1.01423,7.3214e-10
-0.147543,1.01423,-0.196995,1.02161,2.78899e-09
0.5,-1,0.539882,-0.969844,3.47989e-09
0.539882,-0.969844,0.571209,-0.930874,4.76835e-09
0.571209,-0.930874,0.60145,-0.891056,3.47976e-09
0.5,-1,0.538267,-1.03218,3.47989e-09
0.538267,-1.03218,0.578502,-1.06187,4.76835e-09
0.578502,-1.06187,0.610477,-1.1003,3.47976e-09
0.5,-1,0.502249,-0.950051,3.47989e-09
0.502249,-0.950051,0.506992,-0.900276,4.76835e-09
0.506992,-0.900276,0.510867,-0.850426,3.47976e-09
0.5,-1,0.454347,-0.979609,1.71044e-09
0.454347,-0.979609,0.405035,-0.971339,3.77156e-09
0.405035,-0.971339,0.359457,-0.950782,7.3214e-10
0.359457,-0.950782,0.314515,-0.928868,2.78899e-09
0.5,-1,0.463255,-0.966092,7.50017e-09
0.463255,-0.966092,0.429308,-0.929381,7.49981e-09
0.5,-1,0.481094,-0.953712,1.71044e-09
0.481094,-0.953712,0.463546,-0.906893,3.77156e-09
0.463546,-0.906893,0.453374,-0.857938,7.3214e-10
0.453374,-0.857938,0.455038,-0.807966,2.78899e-09
0.5,-1,0.49196,-1.04935,3.47989e-09
0.49196,-1.04935,0.493385,-1.09933,4.76835e-09
0.493385,-1.09933,0.504392,-1.1481,3.47976e-09
0.5,-1,0.547268,-0.9837,3.47989e-09
0.547268,-0.9837,0.595371,-0.970058,4.76835e-09
0.595371,-0.970058,0.645303,-0.967443,3.47976e-09
0.5,-1,0.470138,-0.959897,1.71044e-09
0.470138,-0.959897,0.445376,-0.916459,3.77156e-09
0.445376,-0.916459,0.413696,-0.877776,7.3214e-10
0.413696,-0.877776,0.385575,-0.836434,2.78899e-09
0.5,-1,0.538694,-0.968333,2.22588e-09
0.538694,-0.968333,0.581058,-0.941776,1.00154e-08
0.581058,-0.941776,0.627963,-0.924459,0
0.627963,-0.924459,0.676223,-0.911382,5.71637e-09
0.676223,-0.911382,0.723667,-0.8956,3.05236e-10
0.5,-0.5,0.55,-0.500178,3.47989e-09
0.55,-0.500178,0.599254,-0.508782,4.76835e-09
0.599254,-0.508782,0.648396,-0.518005,3.47976e-09
0.5,-0.5,0.520981,-0.545385,3.47989e-09
0.520981,-0.545385,0.548822,-0.586917,4.76835e-09
0.548822,-0.586917,0.569088,-0.632625,3.47976e-09
0.5,-0.5,0.452173,-0.485419,1.71044e-09
0.452173,-0.485419,0.402315,-0.481662,3.77156e-09
0.402315,-0.481662,0.352315,-0.481472,7.3214e-10
0.352315,-0.481472,0.302658,-0.475625,2.78899e-09
0.5,-0.5,0.464134,-0.534837,2.22588e-09
0.464134,-0.534837,0.426001,-0.567177,1.00154e-08
0.426001,-0.567177,0.38262,-0.592038,0
0.38262,-0.592038,0.334761,-0.606514,5.71637e-09
0.334761,-0.606514,0.28571,-0.616209,3.05236e-10
0.5,-0.5,0.548836,-0.489275,1.12502e-08
0.548836,-0.489275,0.595139,-0.470381,1.12518e-08
0.5,-0.5,0.514388,-0.547885,3.47989e-09
0.514388,-0.547885,0.527477,-0.596141,4.76835e-09
0.527477,-0.596141,0.534777,-0.645606,3.47976e-09
0.5,-0.5,0.549229,-0.508745,3.47989e-09
0.549229,-0.508745,0.596568,-0.52484,4.76835e-09
0.596568,-0.52484,0.645189,-0.536504,3.47976e-09
0.5,-0.5,0.528004,-0.458578,3.47989e-09
0.528004,-0.458578,0.561432,-0.421395,4.76835e-09
0.561432,-0.421395,0.597133,-0.386389,3.47976e-09
0.5,-0.5,0.535784,-0.534921,1.71044e-09
0.535784,-0.534921,0.576468,-0.563987,3.77156e-09
0.576468,-0.563987,0.616436,-0.59403,7.3214e-10
0.616436,-0.59403,0.655752,-0.624921,2.78899e-09
0.5,-0.5,0.547228,-0.483583,1.12503e-08
0.547228,-0.483583,0.595139,-0.470381,1.11814e-08
0.5,0,0.546782,-0.0176478,2.22588e-09
0.546782,-0.0176478,0.590312,-0.0422479,1.00154e-08
0.590312,-0.0422479,0.631401,-0.0707376,0
0.631401,-0.0707376,0.677585,-0.0898964,5.71637e-09
0.677585,-0.0898964,0.721703,-0.113425,3.05236e-10
0.5,0,0.53772,0.0328205,3.47989e-09
0.53772,0.0328205,0.570503,0.0705735,4.76835e-09
0.570503,0.0705735,0.601848,0.109529,3.47976e-09
0.5,0,0.525357,-0.0430933,1.71044e-09
0.525357,-0.0430933,0.553971,-0.0840958,3.77156e-09
0.553971,-0.0840958,0.584376,-0.123789,7.3214e-10
0.584376,-0.123789,0.610138,-0.166641,2.78899e-09
0.5,0,0.533337,0.0372641,3.47989e-09
0.533337,0.0372641,0.560363,0.0793308,4.76835e-09
0.560363,0.0793308,0.58784,0.121104,3.47976e-09
0.5,0,0.455049,-0.0218962,3.47989e-09
0.455049,-0.0218962,0.411458,-0.0463861,4.76835e-09
0.411458,-0.0463861,0.374046,-0.079558,3.47976e-09
0.5,0,0.541849,0.0273613,1.71044e-09
0.541849,0.0273613,0.589255,0.0432573,3.77156e-09
0.589255,0.0432573,0.63278,0.0678666,7.3214e-10
0.63278,0.0678666,0.679821,0.0848108,2.78899e-09
0.5,0,0.450564,-0.00749108,3.47989e-09
0.450564,-0.00749108,0.403728,-0.024993,4.76835e-09
0.403728,-0.024993,0.355646,-0.0387094,3.47976e-09
0.5,0,0.477342,-0.0445715,2.22588e-09
0.477342,-0.0445715,0.455273,-0.0894376,1.00154e-08
0.455273,-0.0894376,0.425064,-0.129279,0
0.425064,-0.129279,0.404926,-0.175045,5.71637e-09
0.404926,-0.175045,0.384882,-0.220852,3.05236e-10
0.5,0,0.549534,0.00681348,1.71044e-09
0.549534,0.00681348,0.599484,0.00904786,3.77156e-09
0.599484,0.00904786,0.649327,0.0130025,7.3214e-10
0.649327,0.0130025,0.698181,0.0236454,2.78899e-09
0.5,0,0.498227,-0.0499686,3.46574e-09
0.498227,-0.0499686,0.497023,-0.0999541,4.80073e-09
0.497023,-0.0999541,0.490832,-0.148952,3.41914e-09
0.5,0.5,0.523303,0.544237,2.22588e-09
0.523303,0.544237,0.547496,0.587995,1.00154e-08
0.547496,0.587995,0.570506,0.632386,0
0.570506,0.632386,0.596048,0.67537,5.71637e-09
0.596048,0.67537,0.629299,0.712711,3.05236e-10
0.5,0.5,0.454479,0.479315,2.22588e-09
0.454479,0.479315,0.405736,0.468175,1.00154e-08
0.405736,0.468175,0.356897,0.457462,0
0.356897,0.457462,0.307753,0.448251,5.71637e-09
0.307753,0.448251,0.258166,0.441839,3.05236e-10
0.5,0.5,0.459044,0.528681,3.47989e-09
0.459044,0.528681,0.414616,0.55162,4.76835e-09
0.414616,0.55162,0.366132,0.563837,3.47976e-09
0.5,0.5,0.545462,0.520813,1.71044e-09
0.545462,0.520813,0.586625,0.549196,3.77156e-09
0.586625,0.549196,0.626137,0.579837,7.3214e-10
0.626137,0.579837,0.657767,0.618561,2.78899e-09
0.5,0.5,0.45071,0.508393,1.71044e-09
0.45071,0.508393,0.401308,0.516108,3.77156e-09
0.401308,0.516108,0.354196,0.532853,7.3214e-10
0.354196,0.532853,0.305441,0.543943,2.78899e-09
0.5,0.5,0.534062,0.463397,3.47989e-09
0.534062,0.463397,0.572574,0.43151,4.76835e-09
0.572574,0.43151,0.615733,0.406265,3.47976e-09
0.5,0.5,0.459547,0.470614,2.22588e-09
0.459547,0.470614,0.420236,0.439717,1.00154e-08
0.420236,0.439717,0.38678,0.402559,0
0.38678,0.402559,0.349932,0.368762,5.71637e-09
0.349932,0.368762,0.309193,0.339773,3.05236e-10
0.5,0.5,0.532267,0.461805,3.47989e-09
0.532267,0.461805,0.558167,0.419036,4.76835e-09
0.558167,0.419036,0.57854,0.373375,3.47976e-09
0.5,0.5,0.483778,0.452705,3.47989e-09
0.483778,0.452705,0.463296,0.407092,4.76835e-09
0.463296,0.407092,0.435276,0.365681,3.47976e-09
0.5,0.5,0.461855,0.532326,1.71044e-09
0.461855,0.532326,0.42662,0.567801,3.77156e-09
0.42662,0.567801,0.393414,0.605183,7.3214e-10
0.393414,0.605183,0.351877,0.633015,2.78899e-09
0.5,1,0.537845,1.03268,3.47989e-09
0.537845,1.03268,0.566015,1.07399,4.76835e-09
0.566015,1.07399,0.589207,1.11828,3.47976e-09
0.5,1,0.465036,1.03574,2.22588e-09
0.465036,1.03574,0.428139,1.06949,1.00154e-08
0.428139,1.06949,0.395681,1.10752,0
0.395681,1.10752,0.354562,1.13597,5.71637e-09
0.354562,1.13597,0.318622,1.17073,3.05236e-10
0.5,1,0.547289,1.01624,3.47989e-09
0.547289,1.01624,0.590014,1.04221,4.76835e-09
0.590014,1.04221,0.636665,1.0602,3.47976e-09
0.5,1,0.456193,0.975897,3.48303e-09
0.456193,0.975897,0.407732,0.963587,4.76117e-09
0.407732,0.963587,0.35809,0.95655,3.49348e-09
0.5,1,0.468423,0.961233,3.47989e-09
0.468423,0.961233,0.444728,0.917204,4.76835e-09
0.444728,0.917204,0.427727,0.870183,3.47976e-09
0.5,1,0.537358,1.03323,1.12503e-08
0.537358,1.03323,0.576668,1.06412,1.12488e-08
0.5,1,0.450581,0.992397,7.69853e-09
0.450581,0.992397,0.403374,0.97592,5.93847e-09
0.403374,0.97592,0.35809,0.95655,7.58997e-09
0.5,1,0.549978,0.998521,3.47989e-09
0.549978,0.998521,0.59954,1.00512,4.76835e-09
0.59954,1.00512,0.64733,1.01983,3.47976e-09
0.5,1,0.486199,0.951942,3.47989e-09
0.486199,0.951942,0.469197,0.904922,4.76835e-09
0.469197,0.904922,0.456994,0.856434,3.47976e-09
0.5,1,0.473357,1.04231,3.47989e-09
0.473357,1.04231,0.444428,1.08309,4.76835e-09
0.444428,1.08309,0.420974,1.12725,3.47976e-09
1,-1,0.974401,-1.04295,7.50018e-09
0.974401,-1.04295,0.949676,-1.08614,7.46521e-09
1,-1,0.974921,-0.956745,3.47989e-09
0.974921,-0.956745,0.960519,-0.908863,4.76835e-09
0.960519,-0.908863,0.93688,-0.864805,3.47976e-09
1,-1,0.955393,-0.977412,2.22588e-09
0.955393,-0.977412,0.911893,-0.952759,1.00154e-08
0.911893,-0.952759,0.867783,-0.929215,0
0.867783,-0.929215,0.827113,-0.90013,5.71637e-09
0.827113,-0.90013,0.780475,-0.882107,3.05236e-10
1,-1,0.962651,-0.966758,3.47989e-09
0.962651,-0.966758,0.92676,-0.931947,4.76835e-09
0.92676,-0.931947,0.884262,-0.905604,3.47976e-09
1,-1,0.95027,-0.99481,3.47989e-09
0.95027,-0.99481,0.90027,-0.994755,4.76835e-09
0.90027,-0.994755,0.850572,-0.989271,3.47976e-09
1,-1,0.967768,-0.961776,2.22588e-09
0.967768,-0.961776,0.945288,-0.917114,1.00154e-08
0.945288,-0.917114,0.914856,-0.877442,0
0.914856,-0.877442,0.884351,-0.837826,5.71637e-09
0.884351,-0.837826,0.845658,-0.806158,3.05236e-10
1,-1,0.957621,-1.02653,2.22588e-09
0.957621,-1.02653,0.923315,-1.06291,1.00154e-08
0.923315,-1.06291,0.889608,-1.09984,0
0.889608,-1.09984,0.865447,-1.14361,5.71637e-09
0.865447,-1.14361,0.841187,-1.18733,3.05236e-10
1,-1,0.966198,-1.03684,3.47989e-09
0.966198,-1.03684,0.93843,-1.07842,4.76835e-09
0.93843,-1.07842,0.908073,-1.11815,3.47976e-09
1,-1,0.993075,-0.950482,7.50017e-09
0.993075,-0.950482,0.983237,-0.901459,7.49981e-09
1,-1,0.977793,-1.0448,7.50017e-09
0.977793,-1.0448,0.949676,-1.08614,7.49983e-09
1,-0.5,1.01689,-0.45294,1.71044e-09
1.01689,-0.45294,1.04092,-0.409091,3.77156e-09
1.04092,-0.409091,1.07095,-0.369117,7.3214e-10
1.07095,-0.369117,1.1059,-0.333358,2.78899e-09
1,-0.5,0.992595,-0.450551,3.47989e-09
0.992595,-0.450551,0.991625,-0.400561,4.76835e-09
0.991625,-0.400561,1.00155,-0.351555,3.47976e-09
1,-0.5,1.04141,-0.471973,3.47989e-09
1.04141,-0.471973,1.07894,-0.438942,4.76835e-09
1.07894,-0.438942,1.12315,-0.415585,3.47976e-09
1,-0.5,0.983339,-0.452857,2.22588e-09
0.983339,-0.452857,0.956946,-0.410391,1.00154e-08
0.956946,-0.410391,0.936567,-0.364732,0
0.936567,-0.364732,0.910643,-0.321978,5.71637e-09
0.910643,-0.321978,0.886306,-0.278301,3.05236e-10
1,-0.5,0.96864,-0.538943,2.22588e-09
0.96864,-0.538943,0.934433,-0.575411,1.00154e-08
0.934433,-0.575411,0.907871,-0.617771,0
0.907871,-0.617771,0.880324,-0.659499,5.71637e-09
0.880324,-0.659499,0.858784,-0.704621,3.05236e-10
1,-0.5,1.01578,-0.547445,3.47989e-09
1.01578,-0.547445,1.04253,-0.589689,4.76835e-09
1.04253,-0.589689,1.0743,-0.628297,3.47976e-09
1,-0.5,1.01912,-0.4538,1.71044e-09
1.01912,-0.4538,1.03941,-0.408102,3.77156e-09
1.03941,-0.408102,1.05242,-0.359825,7.3214e-10
1.05242,-0.359825,1.07592,-0.315691,2.78899e-09
1,-0.5,0.966407,-0.462966,2.22588e-09
0.966407,-0.462966,0.932516,-0.426204,1.00154e-08
0.932516,-0.426204,0.899998,-0.388224,0
0.899998,-0.388224,0.86595,-0.351607,5.71637e-09
0.86595,-0.351607,0.828195,-0.318826,3.05236e-10
1,-0.5,1.00259,-0.450067,3.47934e-09
1.00259,-0.450067,1.01137,-0.400844,4.7696e-09
1.01137,-0.400844,1.02666,-0.353265,3.47738e-09
1,-0.5,1.01246,-0.451577,1.71044e-09
1.01246,-0.451577,1.0212,-0.402346,3.77156e-09
1.0212,-0.402346,1.03292,-0.35374,7.3214e-10
1.03292,-0.35374,1.05178,-0.307433,2.78899e-09
1,0,0.951986,0.0139525,3.47989e-09
0.951986,0.0139525,0.902008,0.0154316,4.76835e-09
0.902008,0.0154316,0.852477,0.00859964,3.47976e-09
1,0,0.962749,0.0333518,1.71044e-09
0.962749,0.0333518,0.930485,0.0715493,3.77156e-09
0.930485,0.0715493,0.899781,0.111011,7.3214e-10
0.899781,0.111011,0.86311,0.145,2.78899e-09
1,0,1.04064,-0.0291219,2.22588e-09
1.04064,-0.0291219,1.08127,-0.0582633,1.00154e-08
1.08127,-0.0582633,1.12623,-0.0801424,0
1.12623,-0.0801424,1.16806,-0.107539,5.71637e-09
1.16806,-0.107539,1.20821,-0.137331,3.05236e-10
1,0,1.04994,-0.00249632,1.71044e-09
1.04994,-0.00249632,1.09901,0.00710151,3.77156e-09
1.09901,0.00710151,1.14898,0.00555715,7.3214e-10
1.14898,0.00555715,1.19691,-0.00868816,2.78899e-09
1,0,1.04729,-0.0162403,1.71044e-09
1.04729,-0.0162403,1.09499,-0.0312417,3.77156e-09
1.09499,-0.0312417,1.14296,-0.0453205,7.3214e-10
1.14296,-0.0453205,1.19184,-0.0558612,2.78899e-09
1,0,1.04441,-0.0229771,3.47989e-09
1.04441,-0.0229771,1.08225,-0.0556513,4.76835e-09
1.08225,-0.0556513,1.11962,-0.0888728,3.47976e-09
1,0,0.996678,0.0498895,2.22588e-09
0.996678,0.0498895,0.982306,0.0977795,1.00154e-08
0.982306,0.0977795,0.963504,0.14411,0
0.963504,0.14411,0.936918,0.186455,5.71637e-09
0.936918,0.186455,0.915865,0.231807,3.05236e-10
1,0,0.996842,0.0499002,7.50017e-09
0.996842,0.0499002,0.997387,0.0998962,7.49968e-09
1,0,1.03896,-0.0313347,7.50017e-09
1.03896,-0.0313347,1.0792,-0.0610164,7.49968e-09
1,0,0.95972,-0.0296226,3.47989e-09
0.95972,-0.0296226,0.92788,-0.0681744,4.76835e-09
0.92788,-0.0681744,0.893578,-0.104552,3.47976e-09
1,0.5,0.950876,0.49068,3.47989e-09
0.950876,0.49068,0.90353,0.474606,4.76835e-09
0.90353,0.474606,0.86113,0.448108,3.47976e-09
1,0.5,0.953582,0.481417,1.12503e-08
0.953582,0.481417,0.905118,0.469124,1.12493e-08
1,0.5,0.954883,0.478449,3.47989e-09
0.954883,0.478449,0.911269,0.453999,4.76835e-09
0.911269,0.453999,0.865553,0.433748,3.47976e-09
1,0.5,0.997096,0.450084,1.71044e-09
0.997096,0.450084,0.987805,0.400955,3.77156e-09
0.987805,0.400955,0.968143,0.354983,7.3214e-10
0.968143,0.354983,0.951977,0.307669,2.78899e-09
1,0.5,0.952769,0.483592,3.47989e-09
0.952769,0.483592,0.907148,0.463128,4.76835e-09
0.907148,0.463128,0.867305,0.43292,3.47976e-09
1,0.5,0.956201,0.475883,2.22588e-09
0.956201,0.475883,0.918045,0.44357,1.00154e-08
0.918045,0.44357,0.877226,0.414694,0
0.877226,0.414694,0.840876,0.380363,5.71637e-09
0.840876,0.380363,0.810613,0.340561,3.05236e-10
1,0.5,0.967922,0.538354,3.47989e-09
0.967922,0.538354,0.944207,0.582372,4.76835e-09
0.944207,0.582372,0.928607,0.629876,3.47976e-09
1,0.5,0.968959,0.460802,3.47989e-09
0.968959,0.460802,0.94318,0.41796,4.76835e-09
0.94318,0.41796,0.920227,0.37354,3.47976e-09
1,0.5,1.0417,0.527583,3.47989e-09
1.0417,0.527583,1.07611,0.563858,4.76835e-09
1.07611,0.563858,1.11866,0.590129,3.47976e-09
1,0.5,0.962646,0.466763,3.47989e-09
0.962646,0.466763,0.934424,0.425489,4.76835e-09
0.934424,0.425489,0.900039,0.389189,3.47976e-09
1,1,1.04456,0.977328,3.47989e-09
1.04456,0.977328,1.09271,0.963834,4.76835e-09
1.09271,0.963834,1.14066,0.949677,3.47976e-09
1,1,0.960103,1.03014,3.47989e-09
0.960103,1.03014,0.926529,1.06719,4.76835e-09
0.926529,1.06719,0.901198,1.1103,3.47976e-09
1,1,1.01884,1.04632,2.22588e-09
1.01884,1.04632,1.0412,1.09104,1.00154e-08
1.0412,1.09104,1.06564,1.13466,0
1.06564,1.13466,1.09369,1.17605,5.71637e-09
1.09369,1.17605,1.11834,1.21955,3.05236e-10
1,1,1.03877,0.968423,1.71044e-09
1.03877,0.968423,1.08329,0.945672,3.77156e-09
1.08329,0.945672,1.1305,0.929196,7.3214e-10
1.1305,0.929196,1.17967,0.920141,2.78899e-09
1,1,1.01005,0.951021,1.71044e-09
1.01005,0.951021,1.0124,0.901076,3.77156e-09
1.0124,0.901076,1.01869,0.851474,7.3214e-10
1.01869,0.851474,1.02993,0.802753,2.78899e-09
1,1,1.03915,1.0311,3.47989e-09
1.03915,1.0311,1.08323,1.05471,4.76835e-09
1.08323,1.05471,1.12786,1.07724,3.47976e-09
1,1,1.04909,1.0095,2.22588e-09
1.04909,1.0095,1.09766,1.02139,1.00154e-08
1.09766,1.02139,1.14265,1.0432,0
1.14265,1.0432,1.19022,1.05858,5.71637e-09
1.19022,1.05858,1.23922,1.06855,3.05236e-10
1,1,0.972484,0.958252,2.22588e-09
0.972484,0.958252,0.937922,0.922121,1.00154e-08
0.937922,0.922121,0.91055,0.880279,0
0.91055,0.880279,0.877385,0.842861,5.71637e-09
0.877385,0.842861,0.849304,0.801491,3.05236e-10
1,1,0.951197,1.01087,3.47989e-09
0.951197,1.01087,0.903133,1.02465,4.76835e-09
0.903133,1.02465,0.853251,1.02809,3.47976e-09
1,1,1.02257,0.955384,1.71044e-09
1.02257,0.955384,1.04307,0.90978,3.77156e-09
1.04307,0.90978,1.06635,0.865529,7.3214e-10
1.06635,0.865529,1.09223,0.82275,2.78899e-09
-0.967235,-0.962231,-0.928745,-0.930317,2.4814e-24
-0.928745,-0.930317,-0.885127,-0.905874,2.48169e-24
-1.03488,-0.964179,-1.07049,-0.929821,4.94772e-09
-1.04945,-1.00742,-1.0994,-1.00968,6.82384e-24
-1.0994,-1.00968,-1.1483,-1.0201,6.82464e-24
-0.952882,-1.01673,-0.908948,-1.0406,0
-0.908948,-1.0406,-0.867213,-1.06814,0
-1.04745,-0.984226,-1.09453,-0.967394,1.2407e-24
-1.09453,-0.967394,-1.13781,-0.94236,1.24084e-24
-0.954062,-0.98026,-0.905458,-0.968525,5e-09
-0.970438,-0.459675,-0.951499,-0.413401,5e-09
-0.959558,-0.470599,-0.924017,-0.435437,4.99953e-09
-0.9585,-0.472111,-0.920285,-0.439868,5e-09
-0.964098,-0.4652,-0.926798,-0.431903,5e-09
-0.983261,-0.547115,-0.956452,-0.58932,6.82384e-24
-0.956452,-0.58932,-0.939557,-0.636379,6.82464e-24
-0.955294,-0.52239,-0.911194,-0.545955,0
-0.911194,-0.545955,-0.867933,-0.571023,0
-1.0432,-0.474832,-1.08314,-0.444741,5e-09
-1.04839,0.0126048,-1.09659,0.0258942,6.82384e-24
-1.09659,0.0258942,-1.14643,0.0298502,6.82464e-24
-1.03908,-0.031184,-1.07413,-0.0668439,5e-09
-1.03729,0.0333133,-1.07064,0.0705623,1.2407e-24
-1.07064,0.0705623,-1.09713,0.112971,1.24084e-24
-0.958057,0.0272172,-0.913893,0.0506596,1.86105e-24
-0.913893,0.0506596,-0.870244,0.0750484,1.86126e-24
-1.04136,-0.0280886,-1.08858,-0.0445317,5e-09
-1.04429,-0.0232031,-1.08528,-0.0522444,5.02362e-09
-0.988441,0.451354,-0.979947,0.402081,5e-09
-0.986398,0.451886,-0.973596,0.403552,5e-09
-1.01529,1.0476,-1.03927,1.09148,5e-09
-1.04155,0.972187,-1.08244,0.943417,4.96279e-24
-1.08244,0.943417,-1.12011,0.910532,4.96337e-24
-0.967812,1.03826,-0.931296,1.07242,3.10175e-24
-0.931296,1.07242,-0.900856,1.11208,3.10211e-24
-1.03352,1.0371,-1.07204,1.06898,3.7221e-24
-1.07204,1.06898,-1.10452,1.10699,3.72253e-24
-0.993772,1.04961,-0.98149,1.09808,4.99999e-09
-0.96439,1.0351,-0.935865,1.07616,1.86105e-24
-0.935865,1.07616,-0.913169,1.12072,1.86126e-24
-0.495215,-0.950229,-0.495067,-0.90023,5e-09
-0.462105,-0.967382,-0.419549,-0.941133,1.86105e-24
-0.419549,-0.941133,-0.377499,-0.914081,1.86126e-24
-0.494064,-1.04965,-0.48259,-1.09831,5e-09
-0.450014,-1.00117,-0.400641,-0.993275,1.2407e-24
-0.400641,-0.993275,-0.350844,-0.997779,1.24084e-24
-0.52255,-0.455374,-0.547572,-0.412085,6.20349e-25
-0.547572,-0.412085,-0.575583,-0.370668,6.20422e-25
-0.543272,-0.474949,-0.582637,-0.444121,4.34245e-24
-0.582637,-0.444121,-0.615109,-0.406101,4.34295e-24
-0.512712,-0.451643,-0.537059,-0.407971,6.20349e-25
-0.537059,-0.407971,-0.550048,-0.359688,6.20422e-25
-0.464433,-0.535143,-0.421292,-0.560418,5e-09
-0.458954,-0.528553,-0.423406,-0.563714,5e-09
-0.534212,-0.536463,-0.570527,-0.570831,8.68489e-24
-0.570527,-0.570831,-0.614222,-0.595137,8.6859e-24
-0.524851,0.0433869,-0.549724,0.0867615,0
-0.549724,0.0867615,-0.572442,0.131302,0
-0.514144,-0.0479576,-0.523201,-0.0971305,5e-09
-0.540536,0.0292721,-0.585668,0.0507919,5e-09
-0.508814,-0.0492169,-0.512342,-0.0990924,5e-09
-0.549488,-0.00714029,-0.59728,-0.0218333,5e-09
-0.545563,0.520591,-0.584614,0.551808,4.99941e-09
-0.512618,0.548382,-0.518802,0.597998,5e-09
-0.518507,0.546449,-0.525695,0.595929,4.34245e-24
-0.525695,0.595929,-0.526623,0.645921,4.34295e-24
-0.547602,0.5153,-0.59518,0.530649,4.99927e-09
-0.529768,0.540173,-0.554394,0.583688,3.10175e-24
-0.554394,0.583688,-0.580957,0.626048,3.10211e-24
-0.545157,1.02147,-0.591713,1.0397,5e-09
-0.450001,1.00023,-0.400001,1.00027,0
-0.400001,1.00027,-0.351149,0.98962,0
-0.5228,0.955501,-0.537895,0.907834,5e-09
0.0261029,-0.957355,0.0600061,-0.920604,5.58314e-24
0.0600061,-0.920604,0.0993121,-0.889701,5.58379e-24
-0.0480279,-0.986096,-0.0934987,-0.965302,5e-09
-0.0434974,-0.975343,-0.086782,-0.950314,4.34245e-24
-0.086782,-0.950314,-0.13168,-0.92831,4.34295e-24
0.0171357,-0.953028,0.0384096,-0.90778,5e-09
0.0132253,-0.951781,0.0336419,-0.906139,3.10175e-24
0.0336419,-0.906139,0.0479915,-0.858242,3.10211e-24
0.0358515,-0.965148,0.0735882,-0.932346,5e-09
0.0447216,-0.52236,0.0932341,-0.534459,4.99984e-09
-0.0421283,-0.52693,-0.0832544,-0.555366,0
-0.0832544,-0.555366,-0.120803,-0.588383,0
-0.0445467,-0.477293,-0.0896737,-0.455763,1.2407e-24
-0.0896737,-0.455763,-0.132473,-0.429913,1.24084e-24
-0.031138,-0.0391206,-0.0526573,-0.0842529,6.20349e-25
-0.0526573,-0.0842529,-0.0789497,-0.126782,6.20422e-25
-0.0346559,-0.0360412,-0.0663635,-0.0747016,5e-09
-0.00809717,-0.04934,-0.00402672,-0.099174,0
-0.00402672,-0.099174,-0.00859924,-0.148965,0
0.00481413,0.549768,0.0108668,0.5994,0
0.0108668,0.5994,0.011365,0.649398,0
-0.0312654,0.539019,-0.0706686,0.569799,5e-09
0.0122179,0.451516,0.0344793,0.406745,6.20349e-25
0.0344793,0.406745,0.0559898,0.361608,6.20422e-25
-0.0037082,0.450138,-0.0119452,0.400821,0
-0.0119452,0.400821,-0.0194342,0.351385,0
0.00930954,0.950874,0.0286167,0.904752,5e-09
0.0291961,1.04059,0.0494444,1.08631,3.7221e-24
0.0494444,1.08631,0.0718334,1.13101,3.72253e-24
0.0393607,1.03083,0.0774152,1.06327,4.34245e-24
0.0774152,1.06327,0.10671,1.10379,4.34295e-24
0.539882,-0.969844,0.574563,-0.933826,5e-09
0.538267,-1.03218,0.581596,-1.05713,5e-09
0.502249,-0.950051,0.504497,-0.900101,5e-09
0.463255,-0.966092,0.429308,-0.929381,4.99999e-09
0.49196,-1.04935,0.478167,-1.09741,5e-09
0.547268,-0.9837,0.596745,-0.976482,5e-09
0.55,-0.500178,0.599985,-0.501401,5e-09
0.520981,-0.545385,0.543183,-0.590185,2.4814e-24
0.543183,-0.590185,0.553215,-0.639169,2.48169e-24
0.514388,-0.547885,0.531553,-0.594846,5e-09
0.549229,-0.508745,0.597762,-0.520768,5e-09
0.528004,-0.458578,0.554702,-0.416302,5e-09
0.53772,0.0328205,0.577055,0.0636874,5e-09
0.533337,0.0372641,0.567396,0.0738704,5e-09
0.455049,-0.0218962,0.416197,-0.0533688,6.20349e-25
0.416197,-0.0533688,0.375967,-0.0830585,6.20422e-25
0.450564,-0.00749108,0.402134,-0.0199203,5e-09
0.498227,-0.0499686,0.488473,-0.0990079,6.20349e-25
0.488473,-0.0990079,0.490832,-0.148952,6.20422e-25
0.459044,0.528681,0.421901,0.562154,6.20349e-25
0.421901,0.562154,0.387378,0.598238,6.19664e-25
0.534062,0.463397,0.562276,0.422118,5e-09
0.532267,0.461805,0.565992,0.424891,5e-09
0.483778,0.452705,0.456224,0.410982,5e-09
0.537845,1.03268,0.576668,1.06412,4.99618e-09
0.547289,1.01624,0.597086,1.02074,4.96279e-24
0.597086,1.02074,0.645258,1.03414,4.96337e-24
0.456193,0.975897,0.415582,0.946729,1.86105e-24
0.415582,0.946729,0.378638,0.913038,1.86126e-24
0.468423,0.961233,0.429262,0.930145,5e-09
0.549978,0.998521,0.598533,0.986587,3.10175e-24
0.598533,0.986587,0.647543,0.976687,3.10211e-24
0.486199,0.951942,0.473313,0.903631,5e-09
0.473357,1.04231,0.440593,1.08008,3.7221e-24
0.440593,1.08008,0.406027,1.11621,3.72253e-24
0.974401,-1.04295,0.941684,-1.08076,5e-09
0.974921,-0.956745,0.940911,-0.920093,5e-09
0.962651,-0.966758,0.92826,-0.930464,5e-09
0.95027,-0.99481,0.90047,-0.990349,5e-09
0.966198,-1.03684,0.929065,-1.07033,5e-09
0.993075,-0.950482,0.983237,-0.901459,4.99998e-09
0.977793,-1.0448,0.962222,-1.09231,1.2407e-23
0.962222,-1.09231,0.947132,-1.13998,1.24084e-23
0.992595,-0.450551,0.978335,-0.402628,5e-09
1.04141,-0.471973,1.08862,-0.455525,5e-09
1.01578,-0.547445,1.02082,-0.59719,3.10175e-24
1.02082,-0.59719,1.03031,-0.646282,3.10211e-24
1.00259,-0.450067,0.995746,-0.400538,3.10175e-24
0.995746,-0.400538,0.977075,-0.354155,3.10211e-24
0.951986,0.0139525,0.907803,0.0373579,6.82384e-24
0.907803,0.0373579,0.869399,0.0693758,6.82464e-24
1.04441,-0.0229771,1.08515,-0.0519586,4.96279e-24
1.08515,-0.0519586,1.12102,-0.0867968,4.96337e-24
0.996842,0.0499002,0.997387,0.0998962,4.9999e-09
1.03896,-0.0313347,1.0792,-0.0610164,4.9999e-09
0.95972,-0.0296226,0.913237,-0.0480439,5e-09
0.950876,0.49068,0.901732,0.481471,6.20349e-25
0.901732,0.481471,0.854505,0.46505,6.20422e-25
0.954883,0.478449,0.908464,0.459868,5e-09
0.952769,0.483592,0.905118,0.469124,4.97985e-09
0.967922,0.538354,0.931949,0.573081,6.20349e-25
0.931949,0.573081,0.904659,0.614976,6.20422e-25
0.968959,0.460802,0.949088,0.414921,4.34245e-24
0.949088,0.414921,0.922867,0.372347,4.34295e-24
1.0417,0.527583,1.08188,0.557347,0
1.08188,0.557347,1.12494,0.582764,0
0.962646,0.466763,0.931281,0.427824,0
0.931281,0.427824,0.903606,0.386182,0
1.04456,0.977328,1.08954,0.955475,3.7221e-24
1.08954,0.955475,1.12969,0.92568,3.72253e-24
0.960103,1.03014,0.917838,1.05685,5e-09
1.03915,1.0311,1.07217,1.06864,5e-09
0.951197,1.01087,0.901864,1.01901,5e-09
-1.06724,-1.0739,-1.09482,-1.11556,1.33199e-08
-0.935234,-0.923814,-0.911042,-0.880056,4.07558e-09
-1.06565,-0.924765,-1.09668,-0.885555,1.3047e-09
-1.06263,-1.0779,-1.09482,-1.11556,2.26375e-09
-1.09433,-0.46681,-1.1358,-0.438878,1.42014e-09
-1.03265,-0.406347,-1.04133,-0.357106,1.37547e-09
-0.900485,-0.497383,-0.851069,-0.505,1.34943e-09
-1.09775,0.0179161,-1.14549,0.0327892,1.34516e-09
-1.07952,0.059539,-1.11946,0.0896227,1.34298e-09
-1.09027,0.042234,-1.12634,0.0768615,1.34225e-09
-1.04175,0.590708,-1.0698,0.632098,1.34203e-09
-0.987296,0.400894,-0.980513,0.351356,1.34201e-09
-1.06016,0.420149,-1.09125,0.380989,1.342e-09
-1.08305,0.945652,-1.12296,0.915542,1.34193e-09
-0.431362,-1.07179,-0.407136,-1.11553,1.342e-09
-0.563412,-0.923028,-0.591805,-0.881872,1.342e-09
-0.490219,-1.09952,-0.481064,-1.14867,1.34197e-09
-0.434678,-0.575344,-0.39516,-0.605976,1.342e-09
-0.406878,-0.464314,-0.360838,-0.444814,1.342e-09
-0.555625,-0.0830639,-0.577814,-0.127871,1.342e-09
-0.561613,0.078672,-0.593533,0.117157,1.342e-09
-0.412322,0.548082,-0.373453,0.579532,1.342e-09
-0.48263,0.598439,-0.487903,0.64816,1.342e-09
-0.40009,0.496347,-0.35009,0.496379,1.342e-09
-0.56482,0.575399,-0.597104,0.61358,1.342e-09
-0.512053,1.09926,-0.517747,1.14893,1.342e-09
-0.525498,1.09584,-0.543465,1.1425,1.342e-09
-0.594736,1.03199,-0.64297,1.04516,1.342e-09
-0.0516082,-0.914744,-0.074802,-0.870449,1.342e-09
0.0788536,-1.06062,0.115521,-1.09462,1.342e-09
0.0563186,-0.918251,0.0795495,-0.873975,1.342e-09
0.0970547,-1.02308,0.145505,-1.03544,1.342e-09
-0.0793369,-0.43915,-0.121836,-0.412809,1.342e-09
0.0684631,-0.427113,0.104561,-0.392516,1.342e-09
0.0252723,-0.403506,0.0281377,-0.353588,1.342e-09
-0.057238,-0.418363,-0.0872198,-0.37835,1.342e-09
0.0927052,-0.537398,0.142466,-0.54228,1.342e-09
0.0345196,0.0935354,0.0449806,0.142429,1.342e-09
0.0603387,0.0795902,0.0862216,0.12237,1.342e-09
0.0467861,0.588376,0.0745941,0.62993,1.342e-09
0.0926528,0.536633,0.142254,0.542935,1.342e-09
-0.0855289,0.448185,-0.126689,0.419797,1.342e-09
-0.0970409,1.02405,-0.146784,1.02909,1.34195e-09
0.0977319,0.981059,0.14773,0.981498,1.342e-09
-0.0977585,1.01887,-0.147758,1.01918,1.342e-09
0.405035,-0.971339,0.355067,-0.969572,1.342e-09
0.463546,-0.906893,0.450362,-0.858662,1.342e-09
0.445376,-0.916459,0.416931,-0.875339,1.342e-09
0.402315,-0.481662,0.353896,-0.469185,1.342e-09
0.576468,-0.563987,0.618784,-0.590621,1.342e-09
0.553971,-0.0840958,0.573552,-0.130102,1.342e-09
0.589255,0.0432573,0.634639,0.0642402,1.342e-09
0.599484,0.00904786,0.648899,0.0166685,1.342e-09
0.586625,0.549196,0.62443,0.58192,1.342e-09
0.401308,0.516108,0.352046,0.524665,1.342e-09
0.42662,0.567801,0.387378,0.598238,1.33293e-09
1.04092,-0.409091,1.0626,-0.364043,1.34186e-09
1.03941,-0.408102,1.0626,-0.364043,1.33637e-09
1.0212,-0.402346,1.02666,-0.353265,1.32548e-09
0.930485,0.0715493,0.898569,0.110038,1.342e-09
1.09901,0.00710151,1.14525,0.0261251,1.342e-09
1.09499,-0.0312417,1.14477,-0.0358555,1.342e-09
0.987805,0.400955,0.985276,0.351019,1.342e-09
1.08329,0.945672,1.12745,0.922215,1.342e-09
1.0124,0.901076,1.01452,0.851121,1.342e-09
1.04307,0.90978,1.05392,0.860972,1.342e-09
-0.865868,-0.934421,-0.822861,-0.908918,2.59194e-09
